<wddxPacket version='1.0'><header/><data><recordset rowCount='7' fieldNames='PARAMID,FEEDID,PARAM,RELATIONSHIP,FIELD,CONDITION,CRITERIA,DATATYPE' type='coldfusion.sql.QueryTable'><field name='PARAMID'><string>0C3BAB06-E9B1-4217-BE3A14F6322C6D13</string><string>11139252-167D-4D6F-AFB85F371EE81E31</string><string>28C7A60C-F53D-4CAA-8DA69CF1FF6F6BCB</string><string>7B918CD8-B36C-4722-88B3660C9BB01E07</string><string>8EB0847D-DF25-478D-B13514AAF8324304</string><string>B57135B9-4337-4A7A-8AFF57392B3326DF</string><string>BF65D59A-D2D6-49B3-A68731DBA43DEFE8</string></field><field name='FEEDID'><string>063F0081-B853-4E55-98A9443F6980D3E9</string><string>F41F336C-388C-46DC-8844736F36ABE709</string><string>E3E0BE92-90C9-4E6B-95D645BCCEA4292B</string><string>9F1D3F8A-2FD0-41F7-951F3E2A4A275D3B</string><string>3B1885B3-094F-4424-B3EA1F5048AF02DB</string><string>B9DC5945-1D7F-4ED1-938802C12563B7EF</string><string>E1CEA7CB-89BD-41FD-90FABBB9259A84C9</string></field><field name='PARAM'><number>1.0</number><number>1.0</number><number>1.0</number><number>1.0</number><number>1.0</number><number>1.0</number><number>1.0</number></field><field name='RELATIONSHIP'><string>and</string><string>and</string><string>and</string><string>and</string><string>and</string><string>and</string><string>and</string></field><field name='FIELD'><null/><null/><null/><null/><null/><null/><null/></field><field name='CONDITION'><string>Equals</string><string>Equals</string><string>Equals</string><string>Equals</string><string>Equals</string><string>Equals</string><string>Equals</string></field><field name='CRITERIA'><null/><null/><null/><null/><null/><null/><null/></field><field name='DATATYPE'><null/><null/><null/><null/><null/><null/><null/></field></recordset></data></wddxPacket>
