<wddxPacket version='1.0'><header/><data><recordset rowCount='36' fieldNames='TAGID,CONTENTID,CONTENTHISTID,SITEID,TAG' type='coldfusion.sql.QueryTable'><field name='TAGID'><number>132.0</number><number>133.0</number><number>134.0</number><number>135.0</number><number>136.0</number><number>137.0</number><number>138.0</number><number>139.0</number><number>140.0</number><number>141.0</number><number>142.0</number><number>143.0</number><number>144.0</number><number>145.0</number><number>146.0</number><number>147.0</number><number>148.0</number><number>149.0</number><number>150.0</number><number>151.0</number><number>152.0</number><number>153.0</number><number>154.0</number><number>155.0</number><number>156.0</number><number>157.0</number><number>158.0</number><number>159.0</number><number>160.0</number><number>161.0</number><number>162.0</number><number>163.0</number><number>164.0</number><number>165.0</number><number>166.0</number><number>167.0</number></field><field name='CONTENTID'><string>DF8C51D8-0E20-4E0C-8D40BCA5BC806445</string><string>DF8C51D8-0E20-4E0C-8D40BCA5BC806445</string><string>186FBBE1-ACA5-487E-AEDDFE360E151537</string><string>186FBBE1-ACA5-487E-AEDDFE360E151537</string><string>186FBBE1-ACA5-487E-AEDDFE360E151537</string><string>186FBBE1-ACA5-487E-AEDDFE360E151537</string><string>BC365325-9F60-49DE-A2B0440225CBB55E</string><string>BC365325-9F60-49DE-A2B0440225CBB55E</string><string>F9CA3828-EABA-4A15-A1EC93724466F9EE</string><string>F9CA3828-EABA-4A15-A1EC93724466F9EE</string><string>F9CA3828-EABA-4A15-A1EC93724466F9EE</string><string>F9CA3828-EABA-4A15-A1EC93724466F9EE</string><string>9EE9D8E2-5474-438E-B2961B67A50F5EF6</string><string>9EE9D8E2-5474-438E-B2961B67A50F5EF6</string><string>AE8EBBD4-ABC7-4B09-A70E8AE3D5611A38</string><string>AE8EBBD4-ABC7-4B09-A70E8AE3D5611A38</string><string>A0D9ED11-8DA0-4B98-A4F92650C0BB8B95</string><string>A0D9ED11-8DA0-4B98-A4F92650C0BB8B95</string><string>A0D9ED11-8DA0-4B98-A4F92650C0BB8B95</string><string>A0D9ED11-8DA0-4B98-A4F92650C0BB8B95</string><string>37A4D378-D0F7-4082-A9C8DEC4AE0E52ED</string><string>2A875B52-12FD-4418-A03E681346527574</string><string>2A875B52-12FD-4418-A03E681346527574</string><string>2A875B52-12FD-4418-A03E681346527574</string><string>D4EBCC05-A53F-400B-985F83DD7A962236</string><string>75780477-81A2-43BF-9ACD826BA31EF6E0</string><string>75780477-81A2-43BF-9ACD826BA31EF6E0</string><string>6EDACF78-73E4-42ED-B96B072E3F3D0BE7</string><string>6EDACF78-73E4-42ED-B96B072E3F3D0BE7</string><string>6EDACF78-73E4-42ED-B96B072E3F3D0BE7</string><string>DFA1CC6E-31CD-4E52-BB055931855BEBE2</string><string>DFA1CC6E-31CD-4E52-BB055931855BEBE2</string><string>691F53C9-794F-44E3-A58AF9FF16C50743</string><string>691F53C9-794F-44E3-A58AF9FF16C50743</string><string>691F53C9-794F-44E3-A58AF9FF16C50743</string><string>691F53C9-794F-44E3-A58AF9FF16C50743</string></field><field name='CONTENTHISTID'><string>43E8119E-1D21-4290-A34BD039359E6225</string><string>43E8119E-1D21-4290-A34BD039359E6225</string><string>F39324A3-FA97-465E-ACCD5D7780BCFA79</string><string>F39324A3-FA97-465E-ACCD5D7780BCFA79</string><string>F39324A3-FA97-465E-ACCD5D7780BCFA79</string><string>F39324A3-FA97-465E-ACCD5D7780BCFA79</string><string>C566552B-5365-4E61-827DD2855BD3E7D7</string><string>C566552B-5365-4E61-827DD2855BD3E7D7</string><string>BB871F1A-599E-4441-BA1742CFAFB2E34C</string><string>BB871F1A-599E-4441-BA1742CFAFB2E34C</string><string>BB871F1A-599E-4441-BA1742CFAFB2E34C</string><string>BB871F1A-599E-4441-BA1742CFAFB2E34C</string><string>375A6181-ADC1-4F7D-9AACD320CC211581</string><string>375A6181-ADC1-4F7D-9AACD320CC211581</string><string>E7BEE526-406B-43A8-B0B1B05E48BA5EA8</string><string>E7BEE526-406B-43A8-B0B1B05E48BA5EA8</string><string>F9C4FCF7-0EBE-44A1-93E613853622DDD8</string><string>F9C4FCF7-0EBE-44A1-93E613853622DDD8</string><string>F9C4FCF7-0EBE-44A1-93E613853622DDD8</string><string>F9C4FCF7-0EBE-44A1-93E613853622DDD8</string><string>1063BDF1-0B9D-403F-9BE439044C1661F0</string><string>988FB5CB-62D0-458D-A427326EA75F9AC2</string><string>988FB5CB-62D0-458D-A427326EA75F9AC2</string><string>988FB5CB-62D0-458D-A427326EA75F9AC2</string><string>0A1EDE34-8914-4E06-8CEC59C1DEA17DC6</string><string>BE3A8A90-FE4E-420E-9AA52C591C75EDB9</string><string>BE3A8A90-FE4E-420E-9AA52C591C75EDB9</string><string>6FA79451-30D0-4D24-8C2C2DFAEF30D338</string><string>6FA79451-30D0-4D24-8C2C2DFAEF30D338</string><string>6FA79451-30D0-4D24-8C2C2DFAEF30D338</string><string>DBBD80C0-D1D7-4E00-8375FDA1A0A871AD</string><string>DBBD80C0-D1D7-4E00-8375FDA1A0A871AD</string><string>F4F6102E-6111-429F-81EDBA9006E9F062</string><string>F4F6102E-6111-429F-81EDBA9006E9F062</string><string>F4F6102E-6111-429F-81EDBA9006E9F062</string><string>F4F6102E-6111-429F-81EDBA9006E9F062</string></field><field name='SITEID'><string>theme-superskeleton</string><string>theme-superskeleton</string><string>theme-superskeleton</string><string>theme-superskeleton</string><string>theme-superskeleton</string><string>theme-superskeleton</string><string>theme-superskeleton</string><string>theme-superskeleton</string><string>theme-superskeleton</string><string>theme-superskeleton</string><string>theme-superskeleton</string><string>theme-superskeleton</string><string>theme-superskeleton</string><string>theme-superskeleton</string><string>theme-superskeleton</string><string>theme-superskeleton</string><string>theme-superskeleton</string><string>theme-superskeleton</string><string>theme-superskeleton</string><string>theme-superskeleton</string><string>theme-superskeleton</string><string>theme-superskeleton</string><string>theme-superskeleton</string><string>theme-superskeleton</string><string>theme-superskeleton</string><string>theme-superskeleton</string><string>theme-superskeleton</string><string>theme-superskeleton</string><string>theme-superskeleton</string><string>theme-superskeleton</string><string>theme-superskeleton</string><string>theme-superskeleton</string><string>theme-superskeleton</string><string>theme-superskeleton</string><string>theme-superskeleton</string><string>theme-superskeleton</string></field><field name='TAG'><string>design</string><string>photography</string><string>design</string><string>photography</string><string>illustration</string><string>web-design</string><string>design</string><string>photography</string><string>design</string><string>photography</string><string>illustration</string><string>web-design</string><string>design</string><string>photography</string><string>design</string><string>photography</string><string>design</string><string>photography</string><string>illustration</string><string>web</string><string>web</string><string>lorem</string><string>ipsum</string><string>dolor</string><string>lorem</string><string>lorem</string><string>ipsum</string><string>lorem</string><string>ipsum</string><string>dolor</string><string>lorem</string><string>ipsum</string><string>Premium Theme</string><string>Responsive</string><string>960</string><string>Mobile</string></field></recordset></data></wddxPacket>
