<wddxPacket version='1.0'><header/><data><recordset rowCount='8' fieldNames='FEEDID,SITEID,PARENTID,NAME,ISACTIVE,ISPUBLIC,ISDEFAULT,ISFEATURESONLY,DESCRIPTION,MAXITEMS,ALLOWHTML,LANG,LASTUPDATEBY,LASTUPDATE,DATECREATED,RESTRICTED,RESTRICTGROUPS,VERSION,CHANNELLINK,TYPE,SORTBY,SORTDIRECTION,NEXTN,DISPLAYNAME,DISPLAYRATINGS,DISPLAYCOMMENTS,ALTNAME,REMOTEID,REMOTESOURCEURL,REMOTEPUBDATE,IMAGESIZE,IMAGEHEIGHT,IMAGEWIDTH,DISPLAYLIST,SHOWNAVONLY,SHOWEXCLUDESEARCH,VIEWALLLINK,VIEWALLLABEL,CSSCLASS,AUTOIMPORT,ISLOCKED' type='coldfusion.sql.QueryTable'><field name='FEEDID'><string>063F0081-B853-4E55-98A9443F6980D3E9</string><string>3B1885B3-094F-4424-B3EA1F5048AF02DB</string><string>406A2E18-2AC5-4420-8FAFA3045FC3D72A</string><string>9F1D3F8A-2FD0-41F7-951F3E2A4A275D3B</string><string>B9DC5945-1D7F-4ED1-938802C12563B7EF</string><string>E1CEA7CB-89BD-41FD-90FABBB9259A84C9</string><string>E3E0BE92-90C9-4E6B-95D645BCCEA4292B</string><string>F41F336C-388C-46DC-8844736F36ABE709</string></field><field name='SITEID'><string>theme-superskeleton</string><string>theme-superskeleton</string><string>theme-superskeleton</string><string>theme-superskeleton</string><string>theme-superskeleton</string><string>theme-superskeleton</string><string>theme-superskeleton</string><string>theme-superskeleton</string></field><field name='PARENTID'><null/><null/><null/><null/><null/><null/><null/><null/></field><field name='NAME'><string>Latest News</string><string>Popular Links</string><string>Mura Blog</string><string>Recent News</string><string>Home Slideshow</string><string>Portfolio Slider</string><string>Gallery</string><string>From Our Blog</string></field><field name='ISACTIVE'><number>1.0</number><number>1.0</number><number>1.0</number><number>1.0</number><number>1.0</number><number>1.0</number><number>1.0</number><number>1.0</number></field><field name='ISPUBLIC'><number>0.0</number><number>0.0</number><number>1.0</number><number>0.0</number><number>0.0</number><number>0.0</number><number>0.0</number><number>0.0</number></field><field name='ISDEFAULT'><number>0.0</number><number>0.0</number><number>0.0</number><number>0.0</number><number>0.0</number><number>0.0</number><number>0.0</number><number>0.0</number></field><field name='ISFEATURESONLY'><number>0.0</number><number>0.0</number><number>0.0</number><number>0.0</number><number>0.0</number><number>0.0</number><number>0.0</number><number>0.0</number></field><field name='DESCRIPTION'><null/><null/><null/><null/><null/><null/><null/><null/></field><field name='MAXITEMS'><number>4.0</number><number>5.0</number><number>3.0</number><number>1.0</number><number>20.0</number><number>20.0</number><number>4.0</number><number>3.0</number></field><field name='ALLOWHTML'><number>1.0</number><number>1.0</number><number>1.0</number><number>1.0</number><number>1.0</number><number>1.0</number><number>1.0</number><number>1.0</number></field><field name='LANG'><string>en-us</string><string>en-us</string><string>en-us</string><string>en-us</string><string>en-us</string><string>en-us</string><string>en-us</string><string>en-us</string></field><field name='LASTUPDATEBY'><string>Admin User</string><string>Admin User</string><string>Admin User</string><string>Admin User</string><string>Admin User</string><string>Steve Withington</string><string>Admin User</string><string>Admin User</string></field><field name='LASTUPDATE'><dateTime>2010-12-13T22:04:14-06:00</dateTime><dateTime>2012-01-13T14:24:02-06:00</dateTime><dateTime>2010-12-13T21:49:29-06:00</dateTime><dateTime>2011-05-06T16:43:33-06:00</dateTime><dateTime>2011-04-18T15:28:50-06:00</dateTime><dateTime>2011-11-02T13:36:43-06:00</dateTime><dateTime>2011-05-06T16:55:16-06:00</dateTime><dateTime>2010-12-13T21:52:27-06:00</dateTime></field><field name='DATECREATED'><dateTime>2010-12-13T22:04:14-06:00</dateTime><dateTime>2012-01-13T14:24:02-06:00</dateTime><dateTime>2010-12-13T21:49:29-06:00</dateTime><dateTime>2011-05-06T16:43:33-06:00</dateTime><dateTime>2011-04-18T15:28:50-06:00</dateTime><dateTime>2011-11-02T13:36:43-06:00</dateTime><dateTime>2011-05-06T16:55:16-06:00</dateTime><dateTime>2010-12-13T21:52:27-06:00</dateTime></field><field name='RESTRICTED'><number>0.0</number><number>0.0</number><number>0.0</number><number>0.0</number><number>0.0</number><number>0.0</number><number>0.0</number><number>0.0</number></field><field name='RESTRICTGROUPS'><null/><null/><null/><null/><null/><null/><null/><null/></field><field name='VERSION'><string>RSS 2.0</string><string>RSS 2.0</string><string>RSS 2.0</string><string>RSS 2.0</string><string>RSS 2.0</string><string>RSS 2.0</string><string>RSS 2.0</string><string>RSS 2.0</string></field><field name='CHANNELLINK'><null/><null/><string>http://www.getmura.com/tasks/feed/?feedID=AA4D3AF9-C9BA-D852-C5F762EF7FF3F2DF</string><null/><null/><null/><null/><null/></field><field name='TYPE'><string>Local</string><string>Local</string><string>Remote</string><string>Local</string><string>Local</string><string>Local</string><string>Local</string><string>Local</string></field><field name='SORTBY'><string>releaseDate</string><string>rating</string><string>lastUpdate</string><string>releaseDate</string><string>orderno</string><string>orderno</string><string>lastUpdate</string><string>releaseDate</string></field><field name='SORTDIRECTION'><string>desc</string><string>desc</string><string>desc</string><string>desc</string><string>asc</string><string>asc</string><string>desc</string><string>desc</string></field><field name='NEXTN'><number>15.0</number><number>20.0</number><number>20.0</number><number>1.0</number><number>20.0</number><number>20.0</number><number>4.0</number><number>20.0</number></field><field name='DISPLAYNAME'><number>1.0</number><number>0.0</number><number>0.0</number><number>0.0</number><number>0.0</number><number>0.0</number><number>0.0</number><number>1.0</number></field><field name='DISPLAYRATINGS'><number>0.0</number><number>0.0</number><number>0.0</number><number>0.0</number><number>0.0</number><number>0.0</number><number>0.0</number><number>0.0</number></field><field name='DISPLAYCOMMENTS'><number>0.0</number><number>0.0</number><number>0.0</number><number>0.0</number><number>0.0</number><number>0.0</number><number>0.0</number><number>1.0</number></field><field name='ALTNAME'><null/><null/><null/><null/><null/><null/><null/><null/></field><field name='REMOTEID'><null/><null/><null/><null/><null/><null/><null/><null/></field><field name='REMOTESOURCEURL'><null/><null/><null/><null/><null/><null/><null/><null/></field><field name='REMOTEPUBDATE'><null/><null/><null/><null/><null/><null/><null/><null/></field><field name='IMAGESIZE'><null/><string>small</string><null/><null/><string>custom</string><string>small</string><null/><null/></field><field name='IMAGEHEIGHT'><null/><string>AUTO</string><null/><null/><string>392</string><string>AUTO</string><null/><null/></field><field name='IMAGEWIDTH'><null/><string>AUTO</string><null/><null/><string>940</string><string>AUTO</string><null/><null/></field><field name='DISPLAYLIST'><null/><string>Title</string><null/><null/><string>Date,Title,Image,Summary,Credits,Tags</string><null/><null/><null/></field><field name='SHOWNAVONLY'><number>0.0</number><number>1.0</number><number>0.0</number><number>0.0</number><number>0.0</number><number>0.0</number><number>0.0</number><number>0.0</number></field><field name='SHOWEXCLUDESEARCH'><number>0.0</number><number>0.0</number><number>0.0</number><number>0.0</number><number>0.0</number><number>0.0</number><number>0.0</number><number>0.0</number></field><field name='VIEWALLLINK'><null/><null/><null/><null/><null/><null/><null/><null/></field><field name='VIEWALLLABEL'><null/><null/><null/><null/><null/><null/><null/><null/></field><field name='CSSCLASS'><null/><null/><null/><null/><null/><null/><null/><null/></field><field name='AUTOIMPORT'><number>0.0</number><number>0.0</number><number>0.0</number><number>0.0</number><number>0.0</number><number>0.0</number><number>0.0</number><number>0.0</number></field><field name='ISLOCKED'><number>0.0</number><number>0.0</number><number>0.0</number><number>0.0</number><number>0.0</number><number>0.0</number><number>0.0</number><number>0.0</number></field></recordset></data></wddxPacket>
