<wddxPacket version='1.0'><header/><data><recordset rowCount='35' fieldNames='BASEID,ATTRIBUTEID,ATTRIBUTEVALUE,SITEID,STRINGVALUE,NUMERICVALUE,DATETIMEVALUE,REMOTEID' type='coldfusion.sql.QueryTable'><field name='BASEID'><string>66D32F2A-0222-4CDA-AD4008987A745206</string><string>3A7E8E80-21DD-48D0-A8A1793251BA84F2</string><string>3A7E8E80-21DD-48D0-A8A1793251BA84F2</string><string>977C261B-A55B-44C6-85BD34616D3ED2EB</string><string>977C261B-A55B-44C6-85BD34616D3ED2EB</string><string>375C7CBE-016E-4FA8-9BA37B7588738272</string><string>375C7CBE-016E-4FA8-9BA37B7588738272</string><string>614826B4-EA30-49C6-B333BE5771C84AA9</string><string>614826B4-EA30-49C6-B333BE5771C84AA9</string><string>0BD628D9-9122-449E-93148C8511258909</string><string>0BD628D9-9122-449E-93148C8511258909</string><string>988FB5CB-62D0-458D-A427326EA75F9AC2</string><string>988FB5CB-62D0-458D-A427326EA75F9AC2</string><string>0A1EDE34-8914-4E06-8CEC59C1DEA17DC6</string><string>0A1EDE34-8914-4E06-8CEC59C1DEA17DC6</string><string>BE3A8A90-FE4E-420E-9AA52C591C75EDB9</string><string>BE3A8A90-FE4E-420E-9AA52C591C75EDB9</string><string>6FA79451-30D0-4D24-8C2C2DFAEF30D338</string><string>6FA79451-30D0-4D24-8C2C2DFAEF30D338</string><string>DBBD80C0-D1D7-4E00-8375FDA1A0A871AD</string><string>DBBD80C0-D1D7-4E00-8375FDA1A0A871AD</string><string>0271E947-1927-44FB-87EE5B196A5E1670</string><string>0271E947-1927-44FB-87EE5B196A5E1670</string><string>4686E5D5-4959-4482-B80110AF8374D0CC</string><string>4686E5D5-4959-4482-B80110AF8374D0CC</string><string>9A0717DE-6424-4DC4-8E98B0C1A27BD054</string><string>9A0717DE-6424-4DC4-8E98B0C1A27BD054</string><string>F4F6102E-6111-429F-81EDBA9006E9F062</string><string>F4F6102E-6111-429F-81EDBA9006E9F062</string><string>A49869EF-DAD7-4BB9-B03EB83D2870CB3E</string><string>A49869EF-DAD7-4BB9-B03EB83D2870CB3E</string><string>14C33EA5-955F-2B96-83312A607241E881</string><string>14C33EA5-955F-2B96-83312A607241E881</string><string>14C3D687-A524-C39F-F99CF6C0CA73C490</string><string>14C3D687-A524-C39F-F99CF6C0CA73C490</string></field><field name='ATTRIBUTEID'><number>6.0</number><number>6.0</number><number>7.0</number><number>6.0</number><number>7.0</number><number>6.0</number><number>7.0</number><number>6.0</number><number>7.0</number><number>6.0</number><number>7.0</number><number>6.0</number><number>7.0</number><number>6.0</number><number>7.0</number><number>6.0</number><number>7.0</number><number>6.0</number><number>7.0</number><number>6.0</number><number>7.0</number><number>6.0</number><number>7.0</number><number>6.0</number><number>7.0</number><number>6.0</number><number>7.0</number><number>6.0</number><number>7.0</number><number>6.0</number><number>7.0</number><number>6.0</number><number>7.0</number><number>6.0</number><number>7.0</number></field><field name='ATTRIBUTEVALUE'><null/><null/><null/><null/><null/><null/><null/><null/><null/><null/><null/><null/><null/><null/><null/><null/><null/><null/><null/><null/><null/><null/><null/><null/><null/><null/><null/><null/><null/><string>Flexible grid sections make it easy to invent your own layouts!</string><null/><string>Flexible grid sections make it easy to invent your own layouts!</string><null/><null/><null/></field><field name='SITEID'><string>theme-superskeleton</string><string>theme-superskeleton</string><string>theme-superskeleton</string><string>theme-superskeleton</string><string>theme-superskeleton</string><string>theme-superskeleton</string><string>theme-superskeleton</string><string>theme-superskeleton</string><string>theme-superskeleton</string><string>theme-superskeleton</string><string>theme-superskeleton</string><string>theme-superskeleton</string><string>theme-superskeleton</string><string>theme-superskeleton</string><string>theme-superskeleton</string><string>theme-superskeleton</string><string>theme-superskeleton</string><string>theme-superskeleton</string><string>theme-superskeleton</string><string>theme-superskeleton</string><string>theme-superskeleton</string><string>theme-superskeleton</string><string>theme-superskeleton</string><string>theme-superskeleton</string><string>theme-superskeleton</string><string>theme-superskeleton</string><string>theme-superskeleton</string><string>theme-superskeleton</string><string>theme-superskeleton</string><string>theme-superskeleton</string><string>theme-superskeleton</string><string>theme-superskeleton</string><string>theme-superskeleton</string><string>theme-superskeleton</string><string>theme-superskeleton</string></field><field name='STRINGVALUE'><null/><null/><null/><null/><null/><null/><null/><null/><null/><null/><null/><null/><null/><null/><null/><null/><null/><null/><null/><null/><null/><null/><null/><null/><null/><null/><null/><null/><null/><string>Flexible grid sections make it easy to invent your own layouts!</string><null/><string>Flexible grid sections make it easy to invent your own layouts!</string><string></string><string></string><string></string></field><field name='NUMERICVALUE'><null/><null/><null/><null/><null/><null/><null/><null/><null/><null/><null/><null/><null/><null/><null/><null/><null/><null/><null/><null/><null/><null/><null/><null/><null/><null/><null/><null/><null/><null/><null/><null/><null/><null/><null/></field><field name='DATETIMEVALUE'><null/><null/><null/><null/><null/><null/><null/><null/><null/><null/><null/><null/><null/><null/><null/><null/><null/><null/><null/><null/><null/><null/><null/><null/><null/><null/><null/><null/><null/><null/><null/><null/><null/><null/><null/></field><field name='REMOTEID'><null/><null/><null/><null/><null/><null/><null/><null/><null/><null/><null/><string>E208C24E-2A97-423B-8840F6530B3E26BC</string><string>E208C24E-2A97-423B-8840F6530B3E26BC</string><string>D9DE50CD-3741-4B52-9E49ECFEE1D07BAB</string><string>D9DE50CD-3741-4B52-9E49ECFEE1D07BAB</string><string>D9DE50CD-3741-4B52-9E49ECFEE1D07BAB</string><string>D9DE50CD-3741-4B52-9E49ECFEE1D07BAB</string><string>D9DE50CD-3741-4B52-9E49ECFEE1D07BAB</string><string>D9DE50CD-3741-4B52-9E49ECFEE1D07BAB</string><string>D9DE50CD-3741-4B52-9E49ECFEE1D07BAB</string><string>D9DE50CD-3741-4B52-9E49ECFEE1D07BAB</string><null/><null/><null/><null/><null/><null/><null/><null/><null/><null/><string></string><string></string><string></string><string></string></field></recordset></data></wddxPacket>
