<wddxPacket version='1.0'><header/><data><recordset rowCount='2' fieldNames='CATEGORYID,SITEID,PARENTID,DATECREATED,LASTUPDATE,LASTUPDATEBY,NAME,NOTES,ISINTERESTGROUP,ISACTIVE,ISOPEN,SORTBY,SORTDIRECTION,RESTRICTGROUPS,PATH,REMOTEID,REMOTESOURCEURL,REMOTEPUBDATE,URLTITLE,FILENAME' type='coldfusion.sql.QueryTable'><field name='CATEGORYID'><string>2F7FFCF3-0C90-4954-BC69DC6ACC9999E2</string><string>62FE5BB5-DBF2-400E-A8D953909F9CDC9B</string></field><field name='SITEID'><string>theme-superskeleton</string><string>theme-superskeleton</string></field><field name='PARENTID'><null/><null/></field><field name='DATECREATED'><dateTime>2010-12-13T21:45:00-06:00</dateTime><dateTime>2010-12-13T21:45:00-06:00</dateTime></field><field name='LASTUPDATE'><dateTime>2010-12-13T21:45:00-06:00</dateTime><dateTime>2010-12-13T21:45:00-06:00</dateTime></field><field name='LASTUPDATEBY'><string>Admin User</string><string>Admin User</string></field><field name='NAME'><string>International</string><string>Domestic</string></field><field name='NOTES'><null/><null/></field><field name='ISINTERESTGROUP'><number>1.0</number><number>1.0</number></field><field name='ISACTIVE'><number>1.0</number><number>1.0</number></field><field name='ISOPEN'><number>1.0</number><number>1.0</number></field><field name='SORTBY'><string>orderno</string><string>orderno</string></field><field name='SORTDIRECTION'><string>asc</string><string>asc</string></field><field name='RESTRICTGROUPS'><null/><null/></field><field name='PATH'><string>2F7FFCF3-0C90-4954-BC69DC6ACC9999E2</string><string>62FE5BB5-DBF2-400E-A8D953909F9CDC9B</string></field><field name='REMOTEID'><null/><null/></field><field name='REMOTESOURCEURL'><null/><null/></field><field name='REMOTEPUBDATE'><null/><null/></field><field name='URLTITLE'><null/><null/></field><field name='FILENAME'><null/><null/></field></recordset></data></wddxPacket>
