<wddxPacket version='1.0'><header/><data><recordset rowCount='3' fieldNames='SUBTYPEID,SITEID,BASETABLE,BASEKEYFIELD,DATATABLE,TYPE,SUBTYPE,ISACTIVE,NOTES,LASTUPDATE,DATECREATED,LASTUPDATEBY,HASSUMMARY,HASBODY,DESCRIPTION,AVAILABLESUBTYPES' type='coldfusion.sql.QueryTable'><field name='SUBTYPEID'><string>967B05D5-F9B0-4E31-9F11F655BC867404</string><string>ECB8A8CD-7D29-4636-AC8B34DF606DEE3D</string><string>FC12C974-42E5-40C4-8B7D7D3445B02AE2</string></field><field name='SITEID'><string>theme-superskeleton</string><string>theme-superskeleton</string><string>theme-superskeleton</string></field><field name='BASETABLE'><string>tcontent</string><string>tcontent</string><string>tcontent</string></field><field name='BASEKEYFIELD'><string>contentHistID</string><string>contentHistID</string><string>contentHistID</string></field><field name='DATATABLE'><string>tclassextenddata</string><string>tclassextenddata</string><string>tclassextenddata</string></field><field name='TYPE'><string>Page</string><string>Page</string><string>Page</string></field><field name='SUBTYPE'><string>Blog Post</string><string>Default</string><string>HomePageSlide</string></field><field name='ISACTIVE'><number>1.0</number><number>1.0</number><number>1.0</number></field><field name='NOTES'><null/><null/><null/></field><field name='LASTUPDATE'><dateTime>2013-03-18T13:26:52-06:00</dateTime><dateTime>2013-03-18T13:26:52-06:00</dateTime><dateTime>2013-03-18T13:26:52-06:00</dateTime></field><field name='DATECREATED'><dateTime>2013-03-18T13:26:52-06:00</dateTime><dateTime>2013-03-18T13:26:52-06:00</dateTime><dateTime>2013-03-18T13:26:52-06:00</dateTime></field><field name='LASTUPDATEBY'><string>System</string><string>System</string><string>System</string></field><field name='HASSUMMARY'><number>1.0</number><number>1.0</number><number>1.0</number></field><field name='HASBODY'><number>1.0</number><number>1.0</number><number>1.0</number></field><field name='DESCRIPTION'><null/><null/><null/></field><field name='AVAILABLESUBTYPES'><null/><null/><null/></field></recordset></data></wddxPacket>
