<wddxPacket version='1.0'><header/><data><recordset rowCount='4' fieldNames='CONTENTHISTID,CATEGORYID,CONTENTID,ISFEATURE,ORDERNO,SITEID,FEATURESTART,FEATURESTOP' type='coldfusion.sql.QueryTable'><field name='CONTENTHISTID'><string>0A1EDE34-8914-4E06-8CEC59C1DEA17DC6</string><string>4686E5D5-4959-4482-B80110AF8374D0CC</string><string>988FB5CB-62D0-458D-A427326EA75F9AC2</string><string>F4F6102E-6111-429F-81EDBA9006E9F062</string></field><field name='CATEGORYID'><string>2F7FFCF3-0C90-4954-BC69DC6ACC9999E2</string><string>62FE5BB5-DBF2-400E-A8D953909F9CDC9B</string><string>62FE5BB5-DBF2-400E-A8D953909F9CDC9B</string><string>2F7FFCF3-0C90-4954-BC69DC6ACC9999E2</string></field><field name='CONTENTID'><string>D4EBCC05-A53F-400B-985F83DD7A962236</string><string>087B516E-E122-4054-88122972C3935408</string><string>2A875B52-12FD-4418-A03E681346527574</string><string>691F53C9-794F-44E3-A58AF9FF16C50743</string></field><field name='ISFEATURE'><number>0.0</number><number>0.0</number><number>0.0</number><number>0.0</number></field><field name='ORDERNO'><number>0.0</number><number>0.0</number><number>0.0</number><number>0.0</number></field><field name='SITEID'><string>theme-superskeleton</string><string>theme-superskeleton</string><string>theme-superskeleton</string><string>theme-superskeleton</string></field><field name='FEATURESTART'><null/><null/><null/><null/></field><field name='FEATURESTOP'><null/><null/><null/><null/></field></recordset></data></wddxPacket>
