<wddxPacket version='1.0'><header/><data><recordset rowCount='6' fieldNames='FEEDID,ITEMID,TYPE' type='coldfusion.sql.QueryTable'><field name='FEEDID'><string>063F0081-B853-4E55-98A9443F6980D3E9</string><string>F41F336C-388C-46DC-8844736F36ABE709</string><string>9F1D3F8A-2FD0-41F7-951F3E2A4A275D3B</string><string>E3E0BE92-90C9-4E6B-95D645BCCEA4292B</string><string>E1CEA7CB-89BD-41FD-90FABBB9259A84C9</string><string>B9DC5945-1D7F-4ED1-938802C12563B7EF</string></field><field name='ITEMID'><string>49E4FF0E-9A19-475E-9F93C1C4966B6E26</string><string>09C3D6C0-D683-4A2E-98B6D61A401B95BC</string><string>49E4FF0E-9A19-475E-9F93C1C4966B6E26</string><string>835A53D2-A5D1-42FF-BD473083E461E573</string><string>E77640AE-BEF8-4937-B1DC0CCBEF0009B4</string><string>DED39DC8-09F5-470F-A8313D9F2B3CCB38</string></field><field name='TYPE'><string>contentID</string><string>contentID</string><string>contentID</string><string>contentID</string><string>contentID</string><string>contentID</string></field></recordset></data></wddxPacket>
