<wddxPacket version='1.0'><header/><data><recordset rowCount='28' fieldNames='CONTENTHISTID,OBJECTID,OBJECT,CONTENTID,NAME,ORDERNO,SITEID,COLUMNID,PARAMS' type='coldfusion.sql.QueryTable'><field name='CONTENTHISTID'><string>0BD628D9-9122-449E-93148C8511258909</string><string>0BD628D9-9122-449E-93148C8511258909</string><string>0BD628D9-9122-449E-93148C8511258909</string><string>0BD628D9-9122-449E-93148C8511258909</string><string>0CE00DD0-DC1B-4BD2-BF44E976241D044C</string><string>0CE00DD0-DC1B-4BD2-BF44E976241D044C</string><string>0CE00DD0-DC1B-4BD2-BF44E976241D044C</string><string>0CE00DD0-DC1B-4BD2-BF44E976241D044C</string><string>14C3D687-A524-C39F-F99CF6C0CA73C490</string><string>30BBEBF7-7A8E-4CB2-AF5363051253916A</string><string>30BBEBF7-7A8E-4CB2-AF5363051253916A</string><string>30BBEBF7-7A8E-4CB2-AF5363051253916A</string><string>375C7CBE-016E-4FA8-9BA37B7588738272</string><string>5390ACA4-023E-4926-8FCDF5189FC6E8C0</string><string>614826B4-EA30-49C6-B333BE5771C84AA9</string><string>66D32F2A-0222-4CDA-AD4008987A745206</string><string>9A0717DE-6424-4DC4-8E98B0C1A27BD054</string><string>9A0717DE-6424-4DC4-8E98B0C1A27BD054</string><string>9A0717DE-6424-4DC4-8E98B0C1A27BD054</string><string>BC1F7302-2AD6-49CA-ABA5ABC01905AB05</string><string>D5ADB0B4-AC4E-4AAB-BEC5F767ABA9DEBC</string><string>D5ADB0B4-AC4E-4AAB-BEC5F767ABA9DEBC</string><string>D5ADB0B4-AC4E-4AAB-BEC5F767ABA9DEBC</string><string>D5ADB0B4-AC4E-4AAB-BEC5F767ABA9DEBC</string><string>D5ADB0B4-AC4E-4AAB-BEC5F767ABA9DEBC</string><string>D5ADB0B4-AC4E-4AAB-BEC5F767ABA9DEBC</string><string>E39F9A11-F1ED-4A8F-960281020EDCFB30</string><string>F73269DB-5360-47BB-98E4F3C18B7F1FB8</string></field><field name='OBJECTID'><string>0D32A6E0-BAA9-4DB8-8DD326A37A4CCEC7</string><string>43CF5CA6-CE0E-436A-A04B9995ECE5BF90</string><string>CFB442AB-5DDF-42DE-9CC31362DD6BC251</string><string>E93C71D8-24E9-4004-AE0F73150DBAC443</string><string>0D32A6E0-BAA9-4DB8-8DD326A37A4CCEC7</string><string>49E4FF0E-9A19-475E-9F93C1C4966B6E26</string><string>D49E070A-B77E-4853-972ACA34B49C4F6D</string><string>D49E070A-B77E-4853-972ACA34B49C4F6D</string><string>ABEE4BA9-7C79-4179-861E23F0FFE19724</string><string>010DFCC5-1318-415C-9193F65F3788AF9F</string><string>A436C652-D8BA-4C96-9D7AFD55885686A2</string><string>ECBE808B-78BE-407A-AA83F70D59E208D8</string><string>D2A8C293-A058-4B19-8CA99BC664F9B9F4</string><string>076E867A-2EE4-4417-BD70465B2E234E20</string><string>830EDAA9-ABA5-4FC5-B0D9C5A7FEC91CFE</string><string>1244EF11-0E9E-47F3-95DB49B9BA51F31E</string><string>0D32A6E0-BAA9-4DB8-8DD326A37A4CCEC7</string><string>CFB442AB-5DDF-42DE-9CC31362DD6BC251</string><string>E93C71D8-24E9-4004-AE0F73150DBAC443</string><string>CDBE0D79-A148-43F2-B61072CF5008A9EE</string><string>068D6473-041E-4E67-A185D7F1A0ED1207</string><string>2A110182-76CA-4B84-B630B031FDDFA000</string><string>2A110182-76CA-4B84-B630B031FDDFA000</string><string>2A110182-76CA-4B84-B630B031FDDFA000</string><string>5F55311B-0C60-4FFC-ACBD088D963F6192</string><string>B885B302-E487-4B01-999EEFB6CB4EC68B</string><string>7786302A-FA80-45E1-AF8669B7C58CA14A</string><string>7786302A-FA80-45E1-AF8669B7C58CA14A</string></field><field name='OBJECT'><string>Component</string><string>goToFirstChild</string><string>Component</string><string>Component</string><string>Component</string><string>category_summary</string><string>rater</string><string>tag_cloud</string><string>goToFirstChild</string><string>rater</string><string>user_tools</string><string>standard_nav</string><string>form</string><string>user_tools</string><string>form</string><string>goToFirstChild</string><string>Component</string><string>Component</string><string>Component</string><string>feed_slideshow_no_summary</string><string>comments</string><string>archive_nav</string><string>calendar_nav</string><string>category_summary</string><string>rater</string><string>tag_cloud</string><string>dragable_feeds</string><string>site_map</string></field><field name='CONTENTID'><string>7966574B-1A7D-4A67-93CAD1794DDB6337</string><string>7966574B-1A7D-4A67-93CAD1794DDB6337</string><string>7966574B-1A7D-4A67-93CAD1794DDB6337</string><string>7966574B-1A7D-4A67-93CAD1794DDB6337</string><string>49E4FF0E-9A19-475E-9F93C1C4966B6E26</string><string>49E4FF0E-9A19-475E-9F93C1C4966B6E26</string><string>49E4FF0E-9A19-475E-9F93C1C4966B6E26</string><string>49E4FF0E-9A19-475E-9F93C1C4966B6E26</string><string>053F322C-1293-4E07-AB2D7870BD303FE3</string><string>39654419-5ADA-430A-AB92B991CA1140FE</string><string>39654419-5ADA-430A-AB92B991CA1140FE</string><string>39654419-5ADA-430A-AB92B991CA1140FE</string><string>8642DA28-EE07-4514-8AE8AADA643D8773</string><string>F9D30F96-75D5-44D3-90BA5DECB3FB1229</string><string>BA10CCCB-378A-4435-AA003D0FE61BAE60</string><string>58C24029-155B-4F7D-80194CF9ACDCE24B</string><string>AFD47CDE-39EF-4E40-9B59E3354F70AA4E</string><string>AFD47CDE-39EF-4E40-9B59E3354F70AA4E</string><string>AFD47CDE-39EF-4E40-9B59E3354F70AA4E</string><string>EE7B6929-8976-49A8-B7C0147A7C4A8C76</string><string>2A110182-76CA-4B84-B630B031FDDFA000</string><string>2A110182-76CA-4B84-B630B031FDDFA000</string><string>2A110182-76CA-4B84-B630B031FDDFA000</string><string>2A110182-76CA-4B84-B630B031FDDFA000</string><string>2A110182-76CA-4B84-B630B031FDDFA000</string><string>2A110182-76CA-4B84-B630B031FDDFA000</string><string>1B13C1ED-F090-4C91-8875B5DBB2A7B258</string><string>79200B1B-0566-4FFA-84D4D337845D4850</string></field><field name='NAME'><string>Component - [widget] Search</string><string>Go To First Child</string><string>Component - [widget] Sidebar Advert</string><string>Component - [widget] Theme Features</string><string>Component - [widget] Search</string><string>News - Category Summary</string><string>Content Rater</string><string>Tag Cloud</string><string>Go To First Child</string><string>Content Rater</string><string>User Tools</string><string>Standard Navigation</string><string>Data Collector - Contact Form (FB)</string><string>User Tools</string><string>Data Collector - Contact Form (Editor)</string><string>Go To First Child</string><string>Component - [widget] Search</string><string>Component - [widget] Sidebar Advert</string><string>Component - [widget] Theme Features</string><string>Domestic News Items - Local Index Slide Show</string><string>Accept Comments</string><string>The Blog Loop - Archive Navigation</string><string>The Blog Loop - Calendar Navigation</string><string>The Blog Loop - Category Summary</string><string>Content Rater</string><string>Tag Cloud</string><string>Dragable Feeds</string><string>Site Map</string></field><field name='ORDERNO'><number>1.0</number><number>1.0</number><number>2.0</number><number>3.0</number><number>1.0</number><number>2.0</number><number>3.0</number><number>4.0</number><number>1.0</number><number>1.0</number><number>2.0</number><number>3.0</number><number>1.0</number><number>1.0</number><number>1.0</number><number>1.0</number><number>1.0</number><number>2.0</number><number>3.0</number><number>1.0</number><number>1.0</number><number>5.0</number><number>3.0</number><number>2.0</number><number>1.0</number><number>4.0</number><number>1.0</number><number>1.0</number></field><field name='SITEID'><string>theme-superskeleton</string><string>theme-superskeleton</string><string>theme-superskeleton</string><string>theme-superskeleton</string><string>theme-superskeleton</string><string>theme-superskeleton</string><string>theme-superskeleton</string><string>theme-superskeleton</string><string>theme-superskeleton</string><string>theme-superskeleton</string><string>theme-superskeleton</string><string>theme-superskeleton</string><string>theme-superskeleton</string><string>theme-superskeleton</string><string>theme-superskeleton</string><string>theme-superskeleton</string><string>theme-superskeleton</string><string>theme-superskeleton</string><string>theme-superskeleton</string><string>theme-superskeleton</string><string>theme-superskeleton</string><string>theme-superskeleton</string><string>theme-superskeleton</string><string>theme-superskeleton</string><string>theme-superskeleton</string><string>theme-superskeleton</string><string>theme-superskeleton</string><string>theme-superskeleton</string></field><field name='COLUMNID'><number>3.0</number><number>2.0</number><number>3.0</number><number>3.0</number><number>3.0</number><number>3.0</number><number>3.0</number><number>3.0</number><number>2.0</number><number>3.0</number><number>3.0</number><number>3.0</number><number>2.0</number><number>3.0</number><number>2.0</number><number>2.0</number><number>3.0</number><number>3.0</number><number>3.0</number><number>2.0</number><number>2.0</number><number>3.0</number><number>3.0</number><number>3.0</number><number>3.0</number><number>3.0</number><number>2.0</number><number>2.0</number></field><field name='PARAMS'><null/><null/><null/><null/><null/><null/><null/><null/><null/><null/><null/><null/><null/><null/><null/><null/><null/><null/><null/><null/><null/><null/><null/><string>{"displayRSS":"0"}</string><null/><null/><null/><null/></field></recordset></data></wddxPacket>
