<wddxPacket version='1.0'><header/><data><recordset rowCount='2' fieldNames='EXTENDSETID,SUBTYPEID,CATEGORYID,SITEID,NAME,ORDERNO,ISACTIVE,CONTAINER' type='coldfusion.sql.QueryTable'><field name='EXTENDSETID'><string>92294D6D-FD9A-4A6C-896E7D18DA9BC1C8</string><string>98A30B09-1AE2-4602-A9AB87C5673F6C43</string></field><field name='SUBTYPEID'><string>FC12C974-42E5-40C4-8B7D7D3445B02AE2</string><string>ECB8A8CD-7D29-4636-AC8B34DF606DEE3D</string></field><field name='CATEGORYID'><null/><null/></field><field name='SITEID'><string>theme-superskeleton</string><string>theme-superskeleton</string></field><field name='NAME'><string>Home Page Slide Options</string><string>Additional Options</string></field><field name='ORDERNO'><number>1.0</number><number>1.0</number></field><field name='ISACTIVE'><number>1.0</number><number>1.0</number></field><field name='CONTAINER'><string>Basic</string><string>Basic</string></field></recordset></data></wddxPacket>
