<wddxPacket version='1.0'><header/><data><recordset rowCount='1' fieldNames='MLID,SITEID,NAME,DESCRIPTION,LASTUPDATE,ISPURGE,ISPUBLIC' type='coldfusion.sql.QueryTable'><field name='MLID'><string>AF09A9EF-7678-483E-A8A7F881C71313E5</string></field><field name='SITEID'><string>theme-superskeleton</string></field><field name='NAME'><string>Master Do Not Email List</string></field><field name='DESCRIPTION'><null/></field><field name='LASTUPDATE'><dateTime>2010-12-10T12:56:00-06:00</dateTime></field><field name='ISPURGE'><number>1.0</number></field><field name='ISPUBLIC'><number>1.0</number></field></recordset></data></wddxPacket>
