<wddxPacket version='1.0'><header/><data><recordset rowCount='5' fieldNames='ATTRIBUTEID,EXTENDSETID,SITEID,NAME,LABEL,HINT,TYPE,ORDERNO,ISACTIVE,REQUIRED,VALIDATION,REGEX,MESSAGE,DEFAULTVALUE,OPTIONLIST,OPTIONLABELLIST' type='coldfusion.sql.QueryTable'><field name='ATTRIBUTEID'><number>3.0</number><number>4.0</number><number>5.0</number><number>6.0</number><number>7.0</number></field><field name='EXTENDSETID'><string>92294D6D-FD9A-4A6C-896E7D18DA9BC1C8</string><string>92294D6D-FD9A-4A6C-896E7D18DA9BC1C8</string><string>92294D6D-FD9A-4A6C-896E7D18DA9BC1C8</string><string>98A30B09-1AE2-4602-A9AB87C5673F6C43</string><string>98A30B09-1AE2-4602-A9AB87C5673F6C43</string></field><field name='SITEID'><string>theme-superskeleton</string><string>theme-superskeleton</string><string>theme-superskeleton</string><string>theme-superskeleton</string><string>theme-superskeleton</string></field><field name='NAME'><string>slideStyle</string><string>slideButtonText</string><string>slideURL</string><string>ssSupertagline</string><string>ssNavDescription</string></field><field name='LABEL'><string>Slide Style</string><string>Slide Button Text</string><string>Slide Link (full URL)</string><string>Super Tag Line</string><string>Nav Description</string></field><field name='HINT'><string>Select a slide style.</string><string>If selecting "No Background with White Border" and you include a link/URL, then you can specify the text to appear on the button link.</string><string>Enter the full URL of where you want the image (and button if desired) to go to (include http://)</string><null/><string>Very small sub-text gets placed under each primary nav item if used</string></field><field name='TYPE'><string>SelectBox</string><string>TextBox</string><string>TextBox</string><string>TextBox</string><string>TextBox</string></field><field name='ORDERNO'><number>1.0</number><number>3.0</number><number>3.0</number><number>1.0</number><number>2.0</number></field><field name='ISACTIVE'><number>1.0</number><number>1.0</number><number>1.0</number><number>1.0</number><number>1.0</number></field><field name='REQUIRED'><string>true</string><string>false</string><string>false</string><string>false</string><string>false</string></field><field name='VALIDATION'><null/><null/><null/><null/><null/></field><field name='REGEX'><null/><null/><null/><null/><null/></field><field name='MESSAGE'><null/><null/><null/><null/><null/></field><field name='DEFAULTVALUE'><string>slide</string><null/><null/><null/><null/></field><field name='OPTIONLIST'><string>slide^slide2^slide3</string><null/><null/><null/><null/></field><field name='OPTIONLABELLIST'><string>No background with White Border^Black Background with Black Border (no button)^Black Background with White Border (no button)</string><null/><null/><null/><null/></field></recordset></data></wddxPacket>
