<?xml version="1.0" encoding="UTF-8"?>
<modelglue>

<controllers>
	<controller id="Controller" type="modelgluesamples.formvalidation.controller.Controller">
		<message-listener message="needFormValidation" function="validateForm" />
	</controller>
</controllers>
	
<event-handlers>
	<!-- 
	Sample Event Handler:
	<event-handler name="eventname">
		<broadcasts>
			<message name="message" />
		</broadcasts>
		<results>
			<result name="resultName" do="otherEvent" />
		</results>
		<views>
			<include name="body" template="content.cfm" />
		</views>
	</event-handler> 
	-->
	
	<!-- A homepage for your application. -->
	<event-handler name="page.index">
		<broadcasts />
		<results>
			<result do="template.main" />
		</results>
		<views>
			<include name="body" template="pages/index.cfm" />
		</views>
	</event-handler>
	
	<!-- Validates the form submitted by the homepage. -->
	<event-handler name="form.validate">
		<broadcasts>
			<message name="needFormValidation" />
		</broadcasts>
		<results>
			<result name="validationErrors" do="page.index" />
			<result name="success" do="form.submitted" redirect="true" />
		</results>
	</event-handler>	

	<!-- Shows the name that was submitted. -->
	<event-handler name="form.submitted">
		<results>
			<result do="template.main" />
		</results>
		<views>
			<include name="body" template="pages/formSubmitted.cfm" />
		</views>
	</event-handler>	


	<!-- An error event to show when an error occurs, much like <cferror>. -->
	<event-handler name="page.error">
		<broadcasts />
		<results>
			<result do="template.main" />
		</results>
		<views>
			<include name="body" template="pages/exception.cfm" />
		</views>
	</event-handler>

	<!-- A "404" event to show when the requested event isn't defined. -->
	<event-handler name="page.missing">
		<broadcasts />
		<results>
			<result do="template.main" />
		</results>
		<views>
			<include name="body" template="pages/missingEvent.cfm" />
		</views>
	</event-handler>
	
	<!-- Private events:  can't be accessed through a URL -->
	<event-handler access="private" name="template.main">
		<views>
			<include name="main" template="templates/main.cfm" />
		</views>
	</event-handler>
</event-handlers>
	
</modelglue>

