<modelglue>
	
<config>
	<setting name="viewMappings" value="/modelglueactionpacks/usermanagement/views" />
	<setting name="beanMappings" value="/modelglueactionpacks/usermanagement/config/ColdSpring.xml" />
</config>

<controllers>
  <controller id="UserManagementController" type="modelglueactionpacks.usermanagement.controller.UserManagementController">
	<message-listener function="loadSecuritySettings" message="onApplicationStart" />
	<message-listener function="getUserManagementValues" message="onRequestStart" />
	<message-listener function="enforceLogin" message="onRequestStart" />
	<message-listener function="addNavigation" message="onRequestStart" />
	<message-listener function="checkUserAccessToCurrentEvent" message="userManagement.checkSecuredEvent" />
	<message-listener function="createAccount" message="userManagement.createAccount" />
	<message-listener function="login" message="userManagement.login" />
	<message-listener function="logout" message="userManagement.logout" />
	<message-listener function="deleteUsers" message="userManagement.user.delete" />
	<message-listener function="listUsers" message="userManagement.user.list" />
	<message-listener function="getUser" message="userManagement.user.get" />
	<message-listener function="saveUser" message="userManagement.user.save" />
	<message-listener function="deleteGroups" message="userManagement.group.delete" />
	<message-listener function="listGroups" message="userManagement.group.list" />
	<message-listener function="getGroup" message="userManagement.group.get" />
	<message-listener function="saveGroup" message="userManagement.group.save" />
	<message-listener function="deleteSecuredModelGlueEvents" message="userManagement.securedModelGlueEvent.delete" />
	<message-listener function="listSecuredModelGlueEvents" message="userManagement.securedModelGlueEvent.list" />
	<message-listener function="getSecuredModelGlueEvent" message="userManagement.securedModelGlueEvent.get" />
	<message-listener function="saveSecuredModelGlueEvent" message="userManagement.securedModelGlueEvent.save" />
  </controller>
</controllers>
	
<event-handlers>
    <event-handler access="private" name="template.main">
      <views>
		<include name="user" template="UserManagement/currentUser.cfm" />
        <include name="main" template="templates/main.cfm" />
      </views>
    </event-handler>
	
    <event-handler name="userManagement.createAccount">
      <broadcasts>
        <message name="userManagement.createAccount" />
      </broadcasts>
      <results>
        <result do="UserManagement.loginScreen" name="validationErrors" />
        <result do="page.index" name="userCreated" redirect="true" />
      </results>
      <views>
        <name name="body" template="userManagement/createAccount.cfm" />
      </views>
    </event-handler>
    <event-handler name="userManagement.login">
      <broadcasts>
        <message name="userManagement.login" />
      </broadcasts>
      <results>
        <result do="UserManagement.loginScreen" name="validationErrors" />
        <result do="UserManagement.loginScreen" name="badCredentials" />
        <result do="page.index" name="userLoggedIn" redirect="true" />
      </results>
      <views>
        <name name="body" template="userManagement/login.cfm" />
      </views>
    </event-handler>
    <event-handler name="userManagement.logout">
      <broadcasts>
        <message name="userManagement.logout" />
      </broadcasts>
      <results>
        <result do="" preserveState="false" redirect="true" />
      </results>
    </event-handler>
    <!-- USER -->
    <event-handler name="userManagement.user.delete" type="modelglueactionpacks.usermanagement.event.SecuredMainTemplateEvent">
      <broadcasts>
        <message name="userManagement.user.delete" />
      </broadcasts>
      <results>
        <result do="userManagement.user.list" redirect="true" />
      </results>
    </event-handler>
    <event-handler name="userManagement.user.edit" type="modelglueactionpacks.usermanagement.event.SecuredMainTemplateEvent">
      <broadcasts>
        <message name="userManagement.user.get" />
      </broadcasts>
      <results />
      <views>
        <name name="body" template="userManagement/user/edit.cfm" />
      </views>
    </event-handler>
    <event-handler name="usermanagement.user.list" type="modelglueactionpacks.usermanagement.event.SecuredMainTemplateEvent">
      <broadcasts>
        <message name="usermanagement.user.list" />
      </broadcasts>
      <results />
      <views>
        <name name="body" template="usermanagement/user/list.cfm" />
      </views>
    </event-handler>
    <event-handler name="userManagement.user.save" type="modelglueactionpacks.usermanagement.event.SecuredMainTemplateEvent">
      <broadcasts>
        <message name="userManagement.user.get" />
        <message name="userManagement.user.save" />
      </broadcasts>
      <results>
        <result do="userManagement.user.list" name="userSaved" redirect="true" />
        <result do="userManagement.user.edit" name="validationErrors" />
      </results>
    </event-handler>
    <!-- GROUP -->
    <event-handler name="userManagement.group.delete" type="modelglueactionpacks.usermanagement.event.SecuredMainTemplateEvent">
      <broadcasts>
        <message name="userManagement.group.delete" />
      </broadcasts>
      <results>
        <result do="userManagement.group.list" redirect="true" />
      </results>
    </event-handler>
    <event-handler name="userManagement.group.edit" type="modelglueactionpacks.usermanagement.event.SecuredMainTemplateEvent">
      <broadcasts>
        <message name="userManagement.group.get" />
      </broadcasts>
      <results />
      <views>
        <name name="body" template="userManagement/group/edit.cfm" />
      </views>
    </event-handler>
    <event-handler name="usermanagement.group.list" type="modelglueactionpacks.usermanagement.event.SecuredMainTemplateEvent">
      <broadcasts>
        <message name="usermanagement.group.list" />
      </broadcasts>
      <results />
      <views>
        <name name="body" template="usermanagement/group/list.cfm" />
      </views>
    </event-handler>
    <event-handler name="userManagement.group.save" type="modelglueactionpacks.usermanagement.event.SecuredMainTemplateEvent">
      <broadcasts>
        <message name="userManagement.group.get" />
        <message name="userManagement.group.save" />
      </broadcasts>
      <results>
        <result do="userManagement.group.list" name="groupSaved" redirect="true" />
        <result do="userManagement.group.edit" name="validationErrors" />
      </results>
    </event-handler>
    <!-- EVENT SECURITY -->
    <event-handler name="userManagement.securedModelGlueEvent.delete" type="modelglueactionpacks.usermanagement.event.SecuredMainTemplateEvent">
      <broadcasts>
        <message name="userManagement.securedModelGlueEvent.delete" />
      </broadcasts>
      <results>
        <result do="userManagement.securedModelGlueEvent.list" redirect="true" />
      </results>
    </event-handler>
    <event-handler name="userManagement.securedModelGlueEvent.edit" type="modelglueactionpacks.usermanagement.event.SecuredMainTemplateEvent">
      <broadcasts>
        <message name="userManagement.securedModelGlueEvent.get" />
      </broadcasts>
      <results />
      <views>
        <name name="body" template="userManagement/securedModelGlueEvent/edit.cfm" />
      </views>
    </event-handler>
    <event-handler name="usermanagement.securedModelGlueEvent.list" type="modelglueactionpacks.usermanagement.event.SecuredMainTemplateEvent">
      <broadcasts>
        <message name="usermanagement.securedModelGlueEvent.list" />
      </broadcasts>
      <results />
      <views>
        <name name="body" template="usermanagement/securedModelGlueEvent/list.cfm" />
      </views>
    </event-handler>
    <event-handler name="userManagement.securedModelGlueEvent.save" type="modelglueactionpacks.usermanagement.event.SecuredMainTemplateEvent">
      <broadcasts>
        <message name="userManagement.securedModelGlueEvent.get" />
        <message name="userManagement.securedModelGlueEvent.save" />
      </broadcasts>
      <results>
        <result do="userManagement.securedModelGlueEvent.list" name="securedModelGlueEventSaved" redirect="true" />
        <result do="userManagement.securedModelGlueEvent.edit" name="validationErrors" />
      </results>
    </event-handler>
    <event-handler name="UserManagement.loginScreen">
      <broadcasts>
        <message name="UserManagement.loginScreen" />
      </broadcasts>
      <results />
      <views>
        <name name="body" template="UserManagement/loginScreen.cfm" />
        <name name="template" template="templates/notLoggedIn.cfm" />
      </views>
    </event-handler>
  </event-handlers>
			
</modelglue>