<beans>
	<bean id="modelglue.ModelGlueConfiguration" class="ModelGlue.gesture.configuration.ModelGlueConfiguration">
		<property name="defaultEvent">
			<value>home</value>
		</property>
		<property name="reload">
			<value>false</value>
		</property>
		<property name="debug">
			<value>none</value>
		</property>
		<property name="helperMappings">
			<value>/ModelGlue/helpers/cflib</value>
		</property>
	</bean>
	<!-- Use ChiliBeans as the default legacy IoC adapter --> 
	<bean id="modelGlue.iocAdapter" class="ModelGlue.gesture.externaladapters.ioc.ChiliBeansAdapter">
		<constructor-arg name="beanMappings"><value></value></constructor-arg>
	</bean>
</beans>