<beans>
	
<!-- This is your Model-Glue configuration -->
<bean id="modelglue.modelGlueConfiguration" class="ModelGlue.gesture.configuration.ModelGlueConfiguration">

	<!-- Be sure to change these to false when you go to production! -->
	<property name="reload"><value>true</value></property>
	<property name="debug"><value>false</value></property>
	
	<!-- Default event-handler -->
	<property name="defaultEvent"><value>page.index</value></property>
	<!-- Execute this event when the requested event is missing. Won't work if generationEnabled=true and in development mode! -->
	<property name="missingEvent"><value>page.missing</value></property>
	<!-- Execute this event when an error occurs. -->
	<property name="defaultExceptionHandler"><value>page.error</value></property>
	
	<!-- Controls reloading -->
	<property name="reloadPassword"><value>true</value></property>
	<property name="reloadKey"><value>init</value></property>

	<!-- Where to find necessary files -->
	<property name="configurationPath"><value>config/ModelGlue.xml</value></property>
	<property name="applicationMapping"><value>/modelgluesamples/richwidgets</value></property>
	<property name="viewMappings"><value>/modelgluesamples/richwidgets/views</value></property>
	<property name="helperMappings"><value>/modelgluesamples/richwidgets/helpers,/ModelGlue/helpers</value></property>
	
	<!-- Generate unknown events when in development mode?  (reload=false) -->
	<property name="generationEnabled"><value>false</value></property>

	<!-- See documentation or ModelGlueConfiguration.cfc for additional options. -->
</bean>
	
<!-- 
	If you need your own configuration values (datasource names, etc), put them here.
	
	See modelgluesamples/simpleconfiguration/controller/Controller for an example of how to get to the values.
	
	Advanced users who are used to ColdSpring will probably delete this bean in favor of their own approach.
-->
<bean id="modelglue.applicationConfiguration" class="ModelGlue.Bean.CommonBeans.SimpleConfig">
	<property name="config">
		<map>
			<entry key="myDatasource"><value>myDatasource</value></entry>
		</map>
	</property>
</bean>
  
<bean id="translator" class="modelgluesamples.richwidgets.model.PigLatinTranslator">
	<constructor-arg name="vowels"><value>aeiouy</value></constructor-arg>
</bean>

</beans>